<?xml version="1.0" encoding="UTF-8"?>
<!DOCTYPE mapper
PUBLIC 	"-//mybatis.org//DTD Mapper 3.0//EN"
"http://mybatis.org/dtd/mybatis-3-mapper.dtd">

<mapper namespace="ldg.mybatis">
	<cache />
	<select id="boardList" resultType="Board" parameterType="hashmap">
		select * from board
		<if test="num != null">
			WHERE num = #{num}
		</if>
	</select>

	<select id="getArticleCount" resultType="int" parameterType="hashmap">
		select count(*) from board
		<if test="boardid != null">
			WHERE boardid = #{boardid}
		</if>
	</select>

	<select id="getArticles" resultType="Board" parameterType="hashmap">
		select * from
		(select rownum rnum ,a.* from
		( select
		num,writer,email,subject,passwd,reg_date,readcount,ref,re_level,0,
		re_step,content,ip from board
		where boardid=#{boardid} order by ref desc,re_step)a)
		where rnum between #{start} and #{end}

	</select>

	<update id="update_readcount" parameterType="hashmap">
		update board set readcount=readcount+1 where num = #{num}
	</update>

	<select id="getArticle" resultType="Board" parameterType="hashmap">
		select * from board where num = #{num}
	</select>


	<select id="insertArticle_new" resultType="int">
		select max(num) from board
	</select>
	
	<update id="insertAricle_update"  parameterType="hashmap">
		update board set re_step=re_step+1
		where ref=#{ref} and re_step>#{re_step}
	</update>
	
	<insert id="insertArticle_insert"  parameterType="Board">
		insert into board
		(num, writer, email, subject, passwd
		,reg_date, readcount, ref, re_step, re_level, content, ip, boardid)
		values
		(#{num},#{writer},#{email},#{subject},#{passwd},sysdate,0,
		#{ref},#{re_step},#{re_level},#{content},#{ip},#{boardid})
	</insert>
	
	<select id="update_passwd" parameterType="hashmap" resultType="string">
		select passwd from board
		<if test="num != null">
			WHERE num = #{num}
		</if>
	</select>
	
	<update id="update_update"  parameterType="hashmap">
		update board 
		set writer = #{writer}, 
		email = #{email}, 
		subject = #{subject}, 
		passwd = #{passwd}, 
		content = #{content} 
		where num = #{num}
	</update>
	
	<update id="delete_delete"  parameterType="hashmap">
		delete from board
		where num = #{num}
	</update>

</mapper>